{
    "total_runtime": 5219.135901212692,
    "num_documents": 15,
    "input_load_time": 0,
    "workflows": {
        "create_base_text_units": {
            "overall": 2.4608798027038574,
            "0_create_base_text_units": 2.4551241397857666
        },
        "create_final_documents": {
            "overall": 0.05812859535217285,
            "0_create_final_documents": 0.05489683151245117
        },
        "extract_graph": {
            "overall": 1792.3724646568298,
            "0_extract_graph": 1792.3685052394867
        },
        "compute_communities": {
            "overall": 7.757792711257935,
            "0_compute_communities": 7.746812105178833
        },
        "create_final_entities": {
            "overall": 0.011607646942138672,
            "0_create_final_entities": 0.006529092788696289
        },
        "create_final_relationships": {
            "overall": 0.035221099853515625,
            "0_create_final_relationships": 0.0298464298248291
        },
        "create_final_communities": {
            "overall": 0.1493525505065918,
            "0_create_final_communities": 0.1427750587463379
        },
        "create_final_nodes": {
            "overall": 0.17683172225952148,
            "0_create_final_nodes": 0.1692485809326172
        },
        "create_final_text_units": {
            "overall": 0.07926392555236816,
            "0_create_final_text_units": 0.07186460494995117
        },
        "create_final_community_reports": {
            "overall": 3413.9113624095917,
            "0_create_final_community_reports": 3413.8973796367645
        }
    }
}
